,train_rmse,test_rmse,train_mae,test_mae,train_r2,test_r2
Linear Regression,25.032706200298424,25.15421355571039,18.543581494174703,18.964468630321768,0.8477894976150873,0.849388485106887
Random Forest,8.269271325266796,20.742770494875412,5.882480691461151,14.903586065956555,0.9833902345877491,0.8975834330969044
XGBoost,6.4420859703539985,11.625389990748252,4.549713820227227,8.024584320560502,0.989919500617105,0.9678299488731195
